26ARC1029-MYCNV	chr2	25744240	25744253	TTGTCCACCCCCTG	T	ASXL2	frameshift_variant	ENST00000435504.9:c.2084_2096del	ENSP00000391447.3:p.Pro695GlnfsTer100	chr2:g.25744241_25744253del	NM_018263.6:c.2084_2096del	NP_060733.4:p.(Pro695GlnfsTer100)	NC_000002.12:g.25744241_25744253del	NM_018263.6	True	The current status of LRG_1421 is pending therefore changes may be made to the LRG reference sequence	HIGH	2	VarScan,Platypus	625	28	4.29	REJECT	-1	-1	-1	-1	-1	-1	-1	-1	-1	NM_018263.6	YES	-1		PASS			9	Likely Oncogenic	OVS1,OP4		
26ARC1029-MYCNV	chr2	25749711	25749711	T	C	ASXL2	synonymous_variant	ENST00000435504.9:c.1845A>G	ENSP00000391447.3:p.Lys615%3D	chr2:g.25749711T>C	NM_018263.6:c.1845A>G	NP_060733.4:p.(Lys615=)	NC_000002.12:g.25749711T>C	NM_018263.6	True	The current status of LRG_1421 is pending therefore changes may be made to the LRG reference sequence	LOW	2	VarDict,FreeBayes	1280	69	5.11	REJECT	-1	-1	-1	-1	-1	-1	-1	-1	-1	NM_018263.6	YES	-1		PASS			1	VUS	OP4		
26ARC1029-MYCNV	chr14	99175356	99175356	C	G	BCL11B	missense_variant	ENST00000357195.8:c.1480G>C	ENSP00000349723.3:p.Ala494Pro	chr14:g.99175356C>G	NM_138576.4:c.1480G>C	NP_612808.1:p.(Ala494Pro)	NC_000014.9:g.99175356C>G	NM_138576.4	True		MODERATE	2	VarDict,FreeBayes	280	17	5.72	REJECT	14	-1	tolerated(0.07)	benign(0.18)	-1	-1	-1	-1	-1	NM_138576.4	YES	-1		PASS			1	VUS	OP4		
26ARC1029-MYCNV	chrX	130014216	130014216	C	CAGGTAGGA	BCORL1	frameshift_variant	ENST00000540052.6:c.1444_1445insAGGTAGGA	ENSP00000437775.2:p.Pro482GlnfsTer16	chrX:g.130014216_130014217insAGGTAGGA	NM_001379451.1:c.1444_1445insAGGTAGGA	NP_001366380.1:p.(Pro482GlnfsTer16)	NC_000023.11:g.130014216_130014217insAGGTAGGA	NM_001379451.1	True		HIGH	2	VarScan,Platypus	525	42	7.41	REJECT	-1	-1	-1	-1	-1	-1	-1	-1	-1	NM_001379451.1	YES	-1		PASS			9	Likely Oncogenic	OVS1,OP4		
26ARC1029-MYCNV	chr6	41936007	41936007	C	CG	CCND3	frameshift_variant	ENST00000372991.9:c.811dup	ENSP00000362082.5:p.Arg271ProfsTer53	chr6:g.41936013dup	NM_001760.5:c.811dup	NP_001751.1:p.(Arg271ProfsTer53)	NC_000006.12:g.41936013dup	NM_001760.5	True		HIGH	2	VarScan,VarDict	874	40	4.38	REJECT	-1	-1	-1	-1	-1	-1	-1	-1	-1	NM_001760.5	YES	-1		PASS			5	VUS	OS3,OP4		
26ARC1029-MYCNV	chr5	177513360	177513360	A	T	DDX41	missense_variant	ENST00000330503.12:c.1223T>A	ENSP00000330349.8:p.Val408Asp	chr5:g.177513360A>T	NM_016222.4:c.1223T>A	NP_057306.2:p.(Val408Asp)	NC_000005.10:g.177513360A>T	NM_016222.4	True	The current status of LRG_1386 is pending therefore changes may be made to the LRG reference sequence	MODERATE	2	VarScan,VarDict	695	26	3.61	REJECT	-1	-1	deleterious(0)	probably_damaging(0.953)	-1	-1	-1	-1	-1	NM_016222.4	YES	-1		PASS			3	VUS	OM1,OP4		
26ARC1029-MYCNV	chr2	25282620	25282653	TTGGGTAATAGCTCTGAGGCGCCTGAGTCCTGGG	T	DNMT3A	inframe_deletion	ENST00000321117.10:c.236_268del	ENSP00000324375.5:p.Ala79_Asn90delinsAsp	chr2:g.25282621_25282653del	NM_022552.5:c.236_268del	NP_072046.2:p.(Ala79_Asn90delinsAsp)	NC_000002.12:g.25282621_25282653del	NM_022552.5	True		MODERATE	2	VarScan,Platypus	996	42	4.05	REJECT	-1	-1	-1	-1	-1	-1	-1	-1	-1	NM_022552.5	YES	-1		PASS			5	VUS	OM1,OM2,OP4		
26ARC1029-MYCNV	chr3	128486055	128486055	C	T	GATA2	synonymous_variant	ENST00000341105.7:c.543G>A	ENSP00000345681.2:p.Val181%3D	chr3:g.128486055C>T	NM_032638.5:c.543G>A	NP_116027.2:p.(Val181=)	NC_000003.12:g.128486055C>T	NM_032638.5	True		LOW	6	Mutect2,VarScan,VarDict,Strelka,FreeBayes,Platypus	153	97	38.8	PASS	-1	-1	-1	-1	-1	-1	0.0002	0.001	rs547329727	NM_032638.5	YES	rs547329727		PASS			1	VUS	OP4		
26ARC1029-MYCNV	chr1	92478757	92478757	C	CAGAGAG	GFI1	splice_polypyrimidine_tract_variant&splice_region_variant&intron_variant	ENST00000294702.6:c.925-10_925-5dup	-1	chr1:g.92478789_92478794dup	NM_005263.5:c.925-10_925-5dup	NP_005254.2:p.?	NC_000001.11:g.92478789_92478794dup	NM_005263.5	True		LOW	4	VarScan,VarDict,Strelka,Platypus	482	291	37.6	LowQual	-1	-1	-1	-1	-1	-1	-1	-1	rs35896485	NM_005263.5	YES	rs35896485		PASS			1	VUS	OP4		
26ARC1029-MYCNV	chr17	7846859	7846859	T	TACC	KDM6B	inframe_insertion	ENST00000448097.7:c.789_791dup	ENSP00000412513.2:p.Pro264dup	chr17:g.7846896_7846898dup	NM_001348716.2:c.789_791dup	NP_001335645.1:p.(Pro264dup)	NC_000017.11:g.7846896_7846898dup	NM_001348716.2	True		MODERATE	2	Strelka,Platypus	402	168	29.5	REJECT	-1	-1	-1	-1	-1	-1	-1	-1	rs61462443	NM_001348716.2	YES	rs61462443		PASS			1	VUS	OP4		
26ARC1029-MYCNV	chr17	7846859	7846859	T	TACCACC	KDM6B	inframe_insertion	ENST00000448097.7:c.786_791dup	ENSP00000412513.2:p.Pro263_Pro264dup	chr17:g.7846893_7846898dup	NM_001348716.2:c.786_791dup	NP_001335645.1:p.(Pro263_Pro264dup)	NC_000017.11:g.7846893_7846898dup	NM_001348716.2	True		MODERATE	3	VarDict,Strelka,Platypus	402	168	29.5	LowQual	-1	-1	-1	-1	-1	-1	-1	-1	rs61462443	NM_001348716.2	YES	rs61462443		PASS			1	VUS	OP4		
26ARC1029-MYCNV	chr17	31226459	31226459	A	AC	NF1	frameshift_variant	ENST00000358273.9:c.2033dup	ENSP00000351015.4:p.Ile679AspfsTer21	chr17:g.31226466dup	NM_001042492.3:c.2033dup	NP_001035957.1:p.(Ile679AspfsTer21)	NC_000017.11:g.31226466dup	NM_001042492.3	True		HIGH	2	VarScan,VarDict	610	45	6.87	REJECT	-1	-1	-1	-1	-1	-1	-1	0.0001636	rs587781807	NM_001042492.3	YES	rs587781807		PASS			13	Oncogenic	OVS1,OS1,OP4		
26ARC1029-MYCNV	chr1	114716123	114716123	C	T	NRAS	missense_variant	ENST00000369535.5:c.38G>A	ENSP00000358548.4:p.Gly13Asp	chr1:g.114716123C>T	NM_002524.5:c.38G>A	NP_002515.1:p.(Gly13Asp)	NC_000001.11:g.114716123C>T	NM_002524.5	True		MODERATE	6	Mutect2,VarScan,VarDict,FreeBayes,Platypus,DeepSomatic	643	85	11.7	PASS	1	Pathogenic/Likely_pathogenic	deleterious(0.05)	benign(0.323)	-1	-1	-1	9.921e-05	rs121434596	NM_002524.5	YES	rs121434596&CM071907&COSV54736416&COSV54736480&COSV54736793		PASS			7	Likely Oncogenic	OS1,OM3,OP4		
26ARC1029-MYCNV	chr8	116847640	116847640	G	A	RAD21	stop_gained	ENST00000297338.7:c.1756C>T	ENSP00000297338.2:p.Arg586Ter	chr8:g.116847640G>A	NM_006265.3:c.1756C>T	NP_006256.1:p.(Arg586Ter)	NC_000008.11:g.116847640G>A	NM_006265.3	True		HIGH	3	Mutect2,VarScan,VarDict	595	20	3.25	LowQual	8	-1	-1	-1	-1	-1	-1	-1	-1	NM_006265.3	YES	COSV52056480		PASS			9	Likely Oncogenic	OVS1,OP4		
26ARC1029-MYCNV	chr12	121819510	121819510	G	C	SETD1B	synonymous_variant	ENST00000604567.6:c.3525G>C	ENSP00000474253.1:p.Ser1175%3D	chr12:g.121819510G>C	NM_001353345.2:c.3525G>C	NP_001340274.1:p.(Ser1175=)	NC_000012.12:g.121819510G>C	NM_001353345.2	True		LOW	2	VarScan,VarDict	1130	56	4.72	REJECT	-1	-1	-1	-1	-1	-1	-1	-1	-1	NM_001353345.2	YES	COSV57351850		PASS			1	VUS	OP4		
26ARC1029-MYCNV	chr10	110596416	110596416	G	C	SMC3	missense_variant	ENST00000361804.5:c.1982G>C	ENSP00000354720.5:p.Arg661Pro	chr10:g.110596416G>C	NM_005445.4:c.1982G>C	NP_005436.1:p.(Arg661Pro)	NC_000010.11:g.110596416G>C	NM_005445.4	True		MODERATE	5	Mutect2,VarScan,VarDict,FreeBayes,Platypus	890	124	12.2	PASS	10	Uncertain_significance	deleterious(0)	probably_damaging(0.968)	-1	-1	-1	-1	-1	NM_005445.4	YES	COSV62421429&COSV62423179		PASS			1	VUS	OP4		
26ARC1029-MYCNV	chr19	4054110	4054110	T	TC	ZBTB7A	frameshift_variant	ENST00000322357.9:c.1122dup	ENSP00000323670.3:p.Lys375GlufsTer165	chr19:g.4054111dup	NM_015898.4:c.1122dup	NP_056982.1:p.(Lys375GlufsTer165)	NC_000019.10:g.4054111dup	NM_015898.4	True		HIGH	5	Mutect2,VarScan,VarDict,Strelka,Platypus	522	222	29.8	PASS	-1	-1	-1	-1	-1	-1	-1	-1	-1	NM_015898.4	YES	-1		PASS			9	Likely Oncogenic	OVS1,OP4		
26ARC1029-MYCNV	chr8	76706141	76706141	A	G	ZFHX4	missense_variant	ENST00000651372.2:c.2053A>G	ENSP00000498627.1:p.Arg685Gly	chr8:g.76706141A>G	NM_024721.5:c.2053A>G	NP_078997.4:p.(Arg685Gly)	NC_000008.11:g.76706141A>G	NM_024721.5	True		MODERATE	2	VarScan,VarDict	857	43	4.78	REJECT	-1	-1	deleterious(0)	probably_damaging(0.996)	-1	-1	-1	-1	-1	NM_024721.5	YES	COSV50973918		PASS			3	VUS	OM1,OP4		
26ARC1029-MYCNV	chr8	76706145	76706145	T	A	ZFHX4	missense_variant	ENST00000651372.2:c.2057T>A	ENSP00000498627.1:p.Leu686His	chr8:g.76706145T>A	NM_024721.5:c.2057T>A	NP_078997.4:p.(Leu686His)	NC_000008.11:g.76706145T>A	NM_024721.5	True		MODERATE	2	VarScan,VarDict	858	43	4.77	REJECT	-1	-1	deleterious(0)	probably_damaging(0.999)	-1	-1	-1	-1	-1	NM_024721.5	YES	-1		PASS			3	VUS	OM1,OP4		
26ARC1029-MYCNV	chr8	76706146	76706146	T	A	ZFHX4	synonymous_variant	ENST00000651372.2:c.2058T>A	ENSP00000498627.1:p.Leu686%3D	chr8:g.76706146T>A	NM_024721.5:c.2058T>A	NP_078997.4:p.(Leu686=)	NC_000008.11:g.76706146T>A	NM_024721.5	True		LOW	2	VarScan,VarDict	839	41	4.66	REJECT	-1	-1	-1	-1	-1	-1	-1	-1	-1	NM_024721.5	YES	-1		PASS			3	VUS	OM1,OP4		
26ARC1029-MYCNV	chr8	76706150	76706150	C	T	ZFHX4	missense_variant	ENST00000651372.2:c.2062C>T	ENSP00000498627.1:p.Arg688Trp	chr8:g.76706150C>T	NM_024721.5:c.2062C>T	NP_078997.4:p.(Arg688Trp)	NC_000008.11:g.76706150C>T	NM_024721.5	True		MODERATE	2	VarScan,VarDict	831	34	3.93	REJECT	8	-1	deleterious(0)	probably_damaging(0.999)	-1	-1	-1	-1	-1	NM_024721.5	YES	COSV104544811&COSV99269869		PASS			3	VUS	OM1,OP4		
26ARC1029-MYCNV	chrX	15822864	15822875	TGGGAAGAACTC	T	ZRSR2	frameshift_variant	ENST00000307771.8:c.1072_1082del	ENSP00000303015.7:p.Gly358ArgfsTer23	chrX:g.15822865_15822875del	NM_005089.4:c.1072_1082del	NP_005080.1:p.(Gly358ArgfsTer23)	NC_000023.11:g.15822865_15822875del	NM_005089.4	True		HIGH	2	VarScan,Platypus	529	23	4.17	REJECT	-1	-1	-1	-1	-1	-1	-1	-1	-1	NM_005089.4	YES	-1		PASS			9	Likely Oncogenic	OVS1,OP4		
