26CGH809-MYCNV	chr14	99176005	99176005	G	A	BCL11B	synonymous_variant	ENST00000357195.8:c.831C>T	ENSP00000349723.3:p.Ser277%3D	chr14:g.99176005G>A	NM_138576.4:c.831C>T	NP_612808.1:p.(Ser277=)	NC_000014.9:g.99176005G>A	NM_138576.4	True		LOW	3	Strelka,FreeBayes,Platypus	7	14	66.7	LowQual	14	-1	-1	-1	-1	-1	-1	0.0003653	rs749539176	NM_138576.4	YES	rs749539176&COSV61735626		PASS			3	VUS	OM1,OP4		
26CGH809-MYCNV	chrX	40062364	40062364	C	T	BCOR	synonymous_variant	ENST00000378444.9:c.4203G>A	ENSP00000367705.4:p.Pro1401%3D	chrX:g.40062364C>T	NM_001123385.2:c.4203G>A	NP_001116857.1:p.(Pro1401=)	NC_000023.11:g.40062364C>T	NM_001123385.2	True		LOW	4	VarScan,Strelka,FreeBayes,Platypus	204	212	51.0	LowQual	-1	Benign	-1	-1	-1	-1	0.0005	0.002841	rs376940750	NM_001123385.2	YES	rs376940750		PASS			3	VUS	OM1,OP4		
26CGH809-MYCNV	chrX	130016009	130016009	A	G	BCORL1	synonymous_variant	ENST00000540052.6:c.3237A>G	ENSP00000437775.2:p.Gln1079%3D	chrX:g.130016009A>G	NM_001379451.1:c.3237A>G	NP_001366380.1:p.(Gln1079=)	NC_000023.11:g.130016009A>G	NM_001379451.1	True		LOW	5	Mutect2,VarScan,Strelka,FreeBayes,Platypus	455	462	50.4	PASS	-1	-1	-1	-1	-1	-1	-1	0.0001572	rs776550641	NM_001379451.1	YES	rs776550641		PASS			1	VUS	OP4		
26CGH809-MYCNV	chr12	12718303	12718303	C	A	CDKN1B	missense_variant	ENST00000228872.9:c.464C>A	ENSP00000228872.4:p.Pro155His	chr12:g.12718303C>A	NM_004064.5:c.464C>A	NP_004055.1:p.(Pro155His)	NC_000012.12:g.12718303C>A	NM_004064.5	True		MODERATE	6	Mutect2,VarScan,Strelka,FreeBayes,Platypus,DeepSomatic	229	208	47.6	PASS	-1	Uncertain_significance	deleterious(0.03)	possibly_damaging(0.681)	-1	-1	0.0004	0.002	rs143879243	NM_004064.5	YES	rs143879243		PASS			1	VUS	OP4		
26CGH809-MYCNV	chr5	150061831	150061831	G	A	CSF1R	missense_variant	ENST00000675795.1:c.1645C>T	ENSP00000501699.1:p.Arg549Cys	chr5:g.150061831G>A	NM_001288705.3:c.1645C>T	NP_001275634.1:p.(Arg549Cys)	NC_000005.10:g.150061831G>A	NM_001288705.3	True		MODERATE	4	VarScan,Strelka,FreeBayes,Platypus	405	353	46.6	LowQual	5	-1	deleterious(0)	probably_damaging(0.965)	-1	-1	-1	0.000227	rs370624765	NM_001288705.3	YES	rs370624765&COSV53834151		PASS			1	VUS	OP4		
26CGH809-MYCNV	chr16	67628477	67628479	CAA	C	CTCF	frameshift_variant	ENST00000264010.10:c.1627_1628del	ENSP00000264010.4:p.Lys543AlafsTer16	chr16:g.67628478_67628479del	NM_006565.4:c.1627_1628del	NP_006556.1:p.(Lys543AlafsTer16)	NC_000016.10:g.67628478_67628479del	NM_006565.4	True		HIGH	2	VarScan,Platypus	823	51	5.84	REJECT	-1	-1	-1	-1	-1	-1	-1	-1	-1	NM_006565.4	YES	-1		PASS			11	Oncogenic	OVS1,OM1,OP4		
26CGH809-MYCNV	chr3	128485824	128485824	G	C	GATA2	missense_variant	ENST00000341105.7:c.774C>G	ENSP00000345681.2:p.His258Gln	chr3:g.128485824G>C	NM_032638.5:c.774C>G	NP_116027.2:p.(His258Gln)	NC_000003.12:g.128485824G>C	NM_032638.5	True		MODERATE	5	Mutect2,VarScan,Strelka,FreeBayes,Platypus	162	144	47.1	PASS	-1	Uncertain_significance	tolerated(0.96)	possibly_damaging(0.511)	-1	-1	-1	0.0001641	-1	NM_032638.5	YES	rs1353328065		PASS			1	VUS	OP4		
26CGH809-MYCNV	chr1	92478757	92478757	C	CAGAG	GFI1	splice_polypyrimidine_tract_variant&splice_region_variant&intron_variant	ENST00000294702.6:c.925-8_925-5dup	-1	chr1:g.92478791_92478794dup	NM_005263.5:c.925-8_925-5dup	NP_005254.2:p.?	NC_000001.11:g.92478791_92478794dup	NM_005263.5	True		LOW	4	VarScan,Strelka,FreeBayes,Platypus	372	449	54.7	LowQual	-1	-1	-1	-1	-1	-1	-1	-1	rs35896485	NM_005263.5	YES	rs35896485		PASS			1	VUS	OP4		
26CGH809-MYCNV	chr1	92478757	92478757	C	CAGAGAG	GFI1	splice_polypyrimidine_tract_variant&splice_region_variant&intron_variant	ENST00000294702.6:c.925-10_925-5dup	-1	chr1:g.92478789_92478794dup	NM_005263.5:c.925-10_925-5dup	NP_005254.2:p.?	NC_000001.11:g.92478789_92478794dup	NM_005263.5	True		LOW	3	Strelka,FreeBayes,Platypus	372	449	54.7	LowQual	-1	-1	-1	-1	-1	-1	-1	-1	rs35896485	NM_005263.5	YES	rs35896485		PASS			1	VUS	OP4		
26CGH809-MYCNV	chr17	7846859	7846859	T	TACC	KDM6B	inframe_insertion	ENST00000448097.7:c.789_791dup	ENSP00000412513.2:p.Pro264dup	chr17:g.7846896_7846898dup	NM_001348716.2:c.789_791dup	NP_001335645.1:p.(Pro264dup)	NC_000017.11:g.7846896_7846898dup	NM_001348716.2	True		MODERATE	3	Strelka,FreeBayes,Platypus	346	134	27.9	LowQual	-1	-1	-1	-1	-1	-1	-1	-1	rs61462443	NM_001348716.2	YES	rs61462443	MANUAL_REVIEW: overlapping inframe insertions in KDM6B, same VAF/callers, likely single event - verify exact breakpoints in IGV	PASS			1	VUS	OP4		
26CGH809-MYCNV	chr17	7846859	7846859	T	TACCACC	KDM6B	inframe_insertion	ENST00000448097.7:c.786_791dup	ENSP00000412513.2:p.Pro263_Pro264dup	chr17:g.7846893_7846898dup	NM_001348716.2:c.786_791dup	NP_001335645.1:p.(Pro263_Pro264dup)	NC_000017.11:g.7846893_7846898dup	NM_001348716.2	True		MODERATE	3	Strelka,FreeBayes,Platypus	346	134	27.9	LowQual	-1	-1	-1	-1	-1	-1	-1	-1	rs61462443	NM_001348716.2	YES	rs61462443	MANUAL_REVIEW: overlapping inframe insertions in KDM6B, same VAF/callers, likely single event - verify exact breakpoints in IGV	PASS			1	VUS	OP4		
26CGH809-MYCNV	chr17	7848213	7848213	C	T	KDM6B	missense_variant	ENST00000448097.7:c.1925C>T	ENSP00000412513.2:p.Pro642Leu	chr17:g.7848213C>T	NM_001348716.2:c.1925C>T	NP_001335645.1:p.(Pro642Leu)	NC_000017.11:g.7848213C>T	NM_001348716.2	True		MODERATE	4	VarScan,Strelka,FreeBayes,Platypus	87	107	55.2	LowQual	-1	Likely_benign	deleterious_low_confidence(0.01)	benign(0.003)	-1	-1	0.0020	0.009799	rs201403136	NM_001348716.2	YES	rs201403136&COSV104368955		PASS			1	VUS	OP4		
26CGH809-MYCNV	chr4	54723642	54723642	A	G	KIT	synonymous_variant	ENST00000288135.6:c.1290A>G	ENSP00000288135.6:p.Ala430%3D	chr4:g.54723642A>G	NM_000222.3:c.1290A>G	NP_000213.1:p.(Ala430=)	NC_000004.12:g.54723642A>G	NM_000222.3	True		LOW	5	Mutect2,VarScan,Strelka,FreeBayes,Platypus	250	159	38.9	PASS	-1	Benign/Likely_benign	-1	-1	-1	-1	0.0014	0.0069	rs55966164	NM_000222.3	YES	rs55966164		PASS			3	VUS	OM1,OP4		
26CGH809-MYCNV	chr13	108209928	108209928	C	G	LIG4	missense_variant	ENST00000442234.6:c.1341G>C	ENSP00000402030.1:p.Trp447Cys	chr13:g.108209928C>G	NM_206937.2:c.1341G>C	NP_996820.1:p.(Trp447Cys)	NC_000013.11:g.108209928C>G	NM_206937.2	True		MODERATE	5	Mutect2,VarScan,Strelka,FreeBayes,Platypus	225	223	49.8	PASS	-1	-1	deleterious(0)	probably_damaging(0.991)	-1	-1	-1	-1	-1	NM_206937.2	YES	CM157470		PASS			1	VUS	OP4		
26CGH809-MYCNV	chr4	105275994	105275994	G	A	TET2	synonymous_variant	ENST00000380013.9:c.5484G>A	ENSP00000369351.4:p.Gln1828%3D	chr4:g.105275994G>A	NM_001127208.3:c.5484G>A	NP_001120680.1:p.(Gln1828=)	NC_000004.12:g.105275994G>A	NM_001127208.3	True		LOW	5	Mutect2,VarScan,Strelka,FreeBayes,Platypus	415	597	59.0	PASS	-1	Likely_benign	-1	-1	-1	-1	-1	0.0002196	rs752744962	NM_001127208.3	YES	rs752744962&COSV54417434		PASS			3	VUS	OM1,OP4		
